{
 "01": 0.012426,
"02": 0.0066631,
"03": 0.0036017,
"04": 0.014046,
"05": 0.019089,
"06": 0.0054025,
"07": 0.019989,
"08": 0.0054025,
"09": 0.16874,
"10": 0.0099046,
"11": 0.04286,
"12": 0.030614,
"13": 0.04412,
"14": 0.053665,
"15": 0.067711,
"16": 0.018008,
"17": 0.060508,
"18": 0.011165,
"19": 0.04304,
"20": 0.015667,
"21": 0.062129,
"22": 0.055826,
"23": 0.035656,
"24": 0.019809,
"25": 0.012246,
"26": 0.011165,
"27": 0.028093,
"28": 0.02107,
"29": 0.014227,
"30": 0.051144,
"31": 0.028813,
"32": 0.0072033 
}