{
 "01": 0.0077908,
"02": 0.0047537,
"03": 0.008319,
"04": 0.010828,
"05": 0.018091,
"06": 0.005546,
"07": 0.01743,
"08": 0.0072626,
"09": 0.30556,
"10": 0.0058101,
"11": 0.028258,
"12": 0.012941,
"13": 0.015846,
"14": 0.056781,
"15": 0.11435,
"16": 0.01096,
"17": 0.011884,
"18": 0.0043576,
"19": 0.054272,
"20": 0.0085831,
"21": 0.046745,
"22": 0.025881,
"23": 0.036181,
"24": 0.01228,
"25": 0.020203,
"26": 0.015582,
"27": 0.031031,
"28": 0.017298,
"29": 0.0052819,
"30": 0.03935,
"31": 0.03288,
"32": 0.0076588 
}