{
 "01": 0.0068665,
"02": 0.015978,
"03": 0.010696,
"04": 0.013337,
"05": 0.016506,
"06": 0.0069985,
"07": 0.024693,
"08": 0.008187,
"09": 0.21247,
"10": 0.0062063,
"11": 0.034861,
"12": 0.041859,
"13": 0.021128,
"14": 0.05546,
"15": 0.12267,
"16": 0.013865,
"17": 0.026146,
"18": 0.0085831,
"19": 0.037238,
"20": 0.02641,
"21": 0.0342,
"22": 0.022976,
"23": 0.075531,
"24": 0.010036,
"25": 0.01677,
"26": 0.010828,
"27": 0.017298,
"28": 0.018223,
"29": 0.0064704,
"30": 0.048726,
"31": 0.02324,
"32": 0.005546 
}