{
 "01": 0.014767,
"02": 0.0061228,
"03": 0.0048622,
"04": 0.018368,
"05": 0.024671,
"06": 0.0075635,
"07": 0.015307,
"08": 0.0057627,
"09": 0.23663,
"10": 0.0066631,
"11": 0.042319,
"12": 0.019449,
"13": 0.033856,
"14": 0.070412,
"15": 0.051144,
"16": 0.015127,
"17": 0.019449,
"18": 0.0072033,
"19": 0.048622,
"20": 0.014407,
"21": 0.059247,
"22": 0.038718,
"23": 0.04376,
"24": 0.012066,
"25": 0.014587,
"26": 0.011525,
"27": 0.033495,
"28": 0.025032,
"29": 0.012066,
"30": 0.046461,
"31": 0.030794,
"32": 0.0095444 
}